OBJECTID,ORIG_FID,x,y
1,1,116.6698608,40.9724007
2,1,116.6722565,40.9664536
3,1,116.6746368,40.9591293
4,1,116.677948,40.9527245
5,1,116.6824493,40.9460869
6,1,116.6890793,40.9419594
7,1,116.6987534,40.9396591
8,1,116.7071991,40.9375839
9,1,116.7102127,40.9359779
10,1,116.7120132,40.933918
11,1,116.7132111,40.9307137
12,1,116.7132034,40.9284286
13,1,116.712883,40.9256859
14,1,116.7119598,40.9218025
15,1,116.7122269,40.9158554
16,1,116.7125092,40.9110565
17,1,116.7143021,40.90625
18,1,116.7166977,40.9028168
19,1,116.7212067,40.9000664
20,1,116.7281494,40.8968506
21,1,116.7344818,40.8943214
22,1,116.7447357,40.8904114
23,1,116.7507629,40.8888016
24,1,116.7576828,40.885582
25,1,116.767334,40.8809891
26,1,116.7721405,40.8789177
27,1,116.7781525,40.8743286
28,1,116.7832642,40.8699722
29,1,116.7865524,40.8647041
30,1,116.7874298,40.8603592
31,1,116.7874146,40.8578453
32,1,116.7865067,40.8553314
33,1,116.7864838,40.8509941
34,1,116.7882614,40.8475571
35,1,116.7927704,40.844574
36,1,116.7982025,40.8438759
37,1,116.8054352,40.8431664
38,1,116.8120804,40.8431473
39,1,116.8196335,40.8433533
40,1,116.8259659,40.8428802
41,1,116.8335037,40.8421707
42,1,116.8392258,40.8398666
43,1,116.8473358,40.8348083
44,1,116.8542252,40.8283844
45,1,116.8602142,40.8217392
46,1,116.8662033,40.8150902
47,1,116.8716049,40.8104973
48,1,116.8785095,40.8061333
49,1,116.8808975,40.8033829
50,1,116.8815689,40.8019447
51,1,116.8815384,40.8018951
52,1,116.8820877,40.8006325
53,1,116.8837738,40.7986946
54,1,116.8856735,40.7958221
55,1,116.8868561,40.7928467
56,1,116.8880234,40.788044
57,1,116.8904037,40.7846031
58,1,116.8927994,40.7813911
59,1,116.8955002,40.7797813
60,1,116.9015198,40.7779312
61,1,116.9057312,40.7765427
62,1,116.9096375,40.7751579
63,1,116.9138489,40.774456
64,1,116.9162369,40.771019
65,1,116.9174194,40.7685013
66,1,116.9180069,40.7664413
67,1,116.9191895,40.763237
68,1,116.9200668,40.7600327
69,1,116.9197311,40.7561493
70,1,116.9197159,40.7536354
71,1,116.9217911,40.7488251
72,1,116.9256744,40.7453842
73,1,116.9298706,40.741024
74,1,116.9349289,40.7348289
75,1,116.9427109,40.7270241
76,1,116.9519806,40.7203598
77,1,116.956459,40.7155418
78,1,116.9651489,40.710247
79,1,116.9708481,40.7074776
80,1,116.9771423,40.7033386
81,1,116.98703,40.6989517
82,1,116.99543,40.6947975
83,1,117.0029526,40.6933937
84,1,117.0107727,40.6935844
85,1,117.0195007,40.6937714
86,1,117.0270462,40.6948814
87,1,117.0348816,40.6964417
88,1,117.0424423,40.6984596
89,1,117.0520935,40.7000122
90,1,117.0608215,40.7006493
91,1,117.0671539,40.7003899
92,1,117.0737839,40.7012711
93,1,117.0813293,40.7019157
94,1,117.0879364,40.7014236
95,1,117.0984802,40.7015953
96,1,117.1044998,40.7008781
97,1,117.1114197,40.7003822
98,1,117.1219711,40.7012367
99,1,117.1282959,40.7021141
100,1,117.1346359,40.7034492
101,1,117.1418686,40.7036362
102,1,117.1502838,40.7019844
103,1,117.15448,40.7003593
104,1,117.1586685,40.6985054
105,1,117.1622696,40.6966553
106,1,117.1763992,40.6936378
107,1,117.1802979,40.6927071
108,1,117.1842117,40.692009
109,1,117.1899185,40.6910667
110,1,117.194725,40.6899033
111,1,117.1998291,40.6887398
112,1,117.2052307,40.6873398
113,1,117.2118301,40.685482
114,1,117.218132,40.6836243
115,1,117.2259369,40.6817589
116,1,117.2343369,40.6796646
117,1,117.2439423,40.6770973
118,1,117.2505417,40.6754684
119,1,117.2559586,40.6742973
120,1,117.2622528,40.6728935
121,1,117.2661591,40.6715012
122,1,117.2718353,40.6687279
123,1,117.2757263,40.6668777
124,1,117.2799225,40.6650238
125,1,117.2829132,40.6631813
126,1,117.2873993,40.6604118
127,1,117.2921982,40.6587868
128,1,117.2957993,40.6578522
129,1,117.2990875,40.6571503
130,1,117.3035965,40.6564407
131,1,117.3071976,40.655735
132,1,117.3123169,40.6561661
133,1,117.3222504,40.6570282
134,1,117.323761,40.657711
135,1,117.3264771,40.6590652
136,1,117.3295059,40.660881
137,1,117.3316193,40.662014
138,1,117.335556,40.6642838
139,1,117.3406982,40.6674576
140,1,117.3461304,40.6692619
141,1,117.3515625,40.6708336
142,1,117.3569946,40.6724052
143,1,117.3654404,40.6748772
144,1,117.3717804,40.6769028
145,1,117.3763046,40.6777916
146,1,117.382019,40.6786728
147,1,117.3880539,40.679554
148,1,117.3934708,40.680439
149,1,117.3976898,40.6810989
150,1,117.4031143,40.6815262
151,1,117.4106216,40.6810226
152,1,117.4166336,40.6803017
153,1,117.4220352,40.6795769
154,1,117.4280472,40.678627
155,1,117.4349442,40.6774406
156,1,117.4403534,40.6764908
157,1,117.4448547,40.6762314
158,1,117.4514694,40.6752739
159,1,117.4580765,40.6745453
160,1,117.4655838,40.6735802
161,1,117.4718857,40.6730804
162,1,117.4767075,40.6730499
163,1,117.4809189,40.6732521
164,1,117.4894714,40.6726265
165,1,117.4972305,40.6671677
166,1,117.4962616,40.6626015
167,1,117.4959106,40.6603165
168,1,117.4958115,40.654377
169,1,117.4978256,40.6488724
170,1,117.4989777,40.6458893
171,1,117.5004272,40.6422195
172,1,117.498291,40.6404114
173,1,117.4964447,40.6385956
174,1,117.4940262,40.6377029
175,1,117.4898148,40.6372833
176,1,117.4858932,40.6373215
177,1,117.4828949,40.6378059
178,1,117.4768906,40.6383133
179,1,117.4711838,40.6392784
180,1,117.464325,40.6432228
181,1,117.4580994,40.6483078
182,1,117.4545288,40.6506233
183,1,117.4476547,40.6541138
184,1,117.4431458,40.6541481
185,1,117.4398346,40.6537247
186,1,117.4373856,40.6514587
187,1,117.4352341,40.6487312
188,1,117.4296951,40.6405487
189,1,117.4253845,40.6346436
190,1,117.4219818,40.628727
191,1,117.4200745,40.6216583
192,1,117.420311,40.6179962
193,1,117.4223328,40.6127243
194,1,117.4249802,40.6090469
195,1,117.4282227,40.6051331
196,1,117.4314804,40.6014442
197,1,117.4353256,40.5977554
198,1,117.43853,40.5908699
199,1,117.4399643,40.5862885
200,1,117.4398956,40.5819473
201,1,117.4389648,40.579895
202,1,117.4350204,40.5780983
203,1,117.4286728,40.5758667
204,1,117.4238434,40.5743103
205,1,117.4190292,40.5743484
206,1,117.4136353,40.574852
207,1,117.4085083,40.5744362
208,1,117.4021835,40.5735741
209,1,117.3958511,40.5720253
210,1,117.3904114,40.5697823
211,1,117.3840714,40.5680046
212,1,117.3792496,40.5669022
213,1,117.3750381,40.5667076
214,1,117.3711319,40.5671921
215,1,117.3684464,40.5681267
216,1,117.3657608,40.569294
217,1,117.3621674,40.570694
218,1,117.3564758,40.5723381
219,1,117.3504868,40.5732956
220,1,117.3430176,40.5765572
221,1,117.335228,40.5784454
222,1,117.3277359,40.5794144
223,1,117.3220139,40.5794563
224,1,117.3147964,40.5790558
225,1,117.3078995,40.5797958
226,1,117.3009796,40.5791588
227,1,117.2916183,40.5757904
228,1,117.2840424,40.5719604
229,1,117.2761765,40.5674477
230,1,117.2692261,40.5645256
231,1,117.2604523,40.5604706
232,1,117.2537994,40.5575447
233,1,117.2462387,40.5543976
234,1,117.2395935,40.5510101
235,1,117.2365494,40.5482903
236,1,117.2338028,40.5444221
237,1,117.2343597,40.5409927
238,1,117.2360992,40.5357208
239,1,117.2387543,40.5322762
240,1,117.2447205,40.5290375
241,1,117.2485886,40.5264931
242,1,117.2500687,40.5246582
243,1,117.2515335,40.5214462
244,1,117.2505951,40.5187111
245,1,117.2478485,40.5162125
246,1,117.2454529,40.5155411
247,1,117.2406387,40.5151176
248,1,117.2370377,40.5155983
249,1,117.2337494,40.5165367
250,1,117.229248,40.5174828
251,1,117.2223587,40.5177574
252,1,117.216629,40.5166512
253,1,117.2127228,40.5155334
254,1,117.2097092,40.5146408
255,1,117.2054596,40.5112381
256,1,117.2006073,40.5076103
257,1,117.1978607,40.5032845
258,1,117.1962967,40.4987221
259,1,117.1974487,40.4941444
260,1,117.199501,40.4904709
261,1,117.2012558,40.4870338
262,1,117.2044983,40.4824409
263,1,117.2092209,40.4753265
264,1,117.2154083,40.4663734
265,1,117.2195282,40.4599457
266,1,117.2242661,40.4553375
267,1,117.2280807,40.447773
268,1,117.2301102,40.4425011
269,1,117.2309494,40.4379234
270,1,117.2312012,40.4335823
271,1,117.2305222,40.4274139
272,1,117.2283478,40.4221725
273,1,117.2258911,40.4164734
274,1,117.2240295,40.4116821
275,1,117.2227783,40.4080315
276,1,117.2220993,40.4014091
277,1,117.22052,40.3952484
278,1,117.2186661,40.3909187
279,1,117.2174072,40.3863564
280,1,117.2179489,40.3810959
281,1,117.2176132,40.3785858
282,1,117.2184982,40.3767509
283,1,117.2199783,40.3751411
284,1,117.2235489,40.3732872
285,1,117.2277069,40.3707466
286,1,117.2327652,40.3682022
287,1,117.2369385,40.3656578
288,1,117.2383881,40.3626747
289,1,117.2389374,40.3587875
290,1,117.2386093,40.3562737
291,1,117.2388687,40.3530693
292,1,117.2397156,40.3494072
293,1,117.2429581,40.3452721
294,1,117.2465057,40.3415909
295,1,117.2497482,40.3376846
296,1,117.2541809,40.3326225
297,1,117.2571411,40.3298607
298,1,117.2597809,40.3255005
299,1,117.2632904,40.3199921
300,1,117.2650299,40.3154068
301,1,117.2685471,40.3096657
302,1,117.2738495,40.3034592
303,1,117.2785797,40.2983971
304,1,117.2829895,40.292881
305,1,117.2883224,40.2887268
306,1,117.2933502,40.2843475
307,1,117.302269,40.2806282
308,1,117.3129883,40.2764359
309,1,117.3189392,40.2745628
310,1,117.3216095,40.2722588
311,1,117.3239746,40.2704124
312,1,117.3236542,40.2637749
313,1,117.3257217,40.2617073
314,1,117.3274918,40.2594109
315,1,117.3289642,40.2573395
316,1,117.3304291,40.2548141
317,1,117.3321915,40.2509155
318,1,117.3333511,40.2477036
319,1,117.3356934,40.2433434
320,1,117.3380508,40.2401276
321,1,117.341301,40.2366753
322,1,117.3448486,40.233223
323,1,117.3481293,40.2318344
324,1,117.3514023,40.2308998
325,1,117.3567657,40.2299538
326,1,117.360939,40.2292442
327,1,117.3651199,40.2287636
328,1,117.3701935,40.2285042
329,1,117.3758698,40.2284737
330,1,117.3809509,40.2286682
331,1,117.3806839,40.2210579
332,1,117.3818359,40.217617
333,1,117.3829803,40.2146378
334,1,117.3841095,40.2105141
335,1,117.3834763,40.2075462
336,1,117.3822403,40.2054977
337,1,117.3792267,40.2034683
338,1,117.3762054,40.2014351
339,1,117.3740692,40.1984787
340,1,117.3719406,40.1959839
341,1,117.3706894,40.1927948
342,1,117.3718491,40.1898155
343,1,117.3741989,40.1868248
344,1,117.377449,40.1851997
345,1,117.3804092,40.1826591
346,1,117.3815689,40.1810532
347,1,117.382431,40.177845
348,1,117.3820801,40.1744194
349,1,117.3805618,40.1726036
350,1,117.3748703,40.1719627
351,1,117.368309,40.1726952
352,1,117.3593521,40.1727715
353,1,117.356041,40.1709671
354,1,117.3518066,40.1678047
355,1,117.3487701,40.1637115
356,1,117.3453979,40.1584816
357,1,117.3423309,40.1521034
358,1,117.3386688,40.1466446
359,1,117.3356323,40.143013
360,1,117.3317184,40.1407585
361,1,117.3259811,40.1364594
362,1,117.3173065,40.1358376
363,1,117.3119278,40.1354218
364,1,117.3062439,40.1343193
365,1,117.3002548,40.1327667
366,1,117.2966461,40.1307335
367,1,117.2918243,40.1278
368,1,117.2852325,40.1257896
369,1,117.2822189,40.1230659
370,1,117.2794724,40.1198883
371,1,117.2755356,40.1148872
372,1,117.2731323,40.113533
373,1,117.2686386,40.1119652
374,1,117.2647324,40.1110802
375,1,117.2596512,40.1104279
376,1,117.2539825,40.1106949
377,1,117.2480164,40.110054
378,1,117.2396545,40.1094246
379,1,117.2327805,40.1090126
380,1,117.2276993,40.1088181
381,1,117.2226105,40.1065674
382,1,117.2162933,40.102951
383,1,117.2105713,40.0981903
384,1,117.2069473,40.0954704
385,1,117.2015228,40.0902443
386,1,117.1973038,40.0866165
387,1,117.1951828,40.0845757
388,1,117.1835327,40.0830498
389,1,117.1760483,40.0810394
390,1,117.1667709,40.0781212
391,1,117.1604691,40.0749664
392,1,117.1556549,40.0717964
393,1,117.1496582,40.0686302
394,1,117.1448669,40.0672874
395,1,117.1376877,40.0652733
396,1,117.1293335,40.0644073
397,1,117.1218872,40.0653648
398,1,117.1138458,40.0663223
399,1,117.1042938,40.0659256
400,1,117.0935516,40.0659828
401,1,117.0819244,40.0662727
402,1,117.074173,40.0658531
403,1,117.0643234,40.0647621
404,1,117.0574493,40.0636597
405,1,117.0511551,40.0607185
406,1,117.0445633,40.0564117
407,1,117.039444,40.0518646
408,1,117.0349274,40.0477715
409,1,117.0295334,40.0441437
410,1,117.0244293,40.040741
411,1,117.0196304,40.0377922
412,1,117.0124359,40.0343971
413,1,117.0061722,40.0328293
414,1,116.9986954,40.0308075
415,1,116.9891663,40.0308495
416,1,116.97995,40.0334053
417,1,116.9710236,40.036644
418,1,116.9654007,40.0400963
419,1,116.9615555,40.0444565
420,1,116.9590454,40.0477715
421,1,116.9565201,40.0474472
422,1,116.9520493,40.0479279
423,1,116.9431152,40.0491066
424,1,116.9320679,40.0468636
425,1,116.9213181,40.0453033
426,1,116.9138641,40.0453377
427,1,116.9055252,40.0458221
428,1,116.894783,40.0454102
429,1,116.8873367,40.045208
430,1,116.8774796,40.043644
431,1,116.8664398,40.0420837
432,1,116.8580933,40.0423393
433,1,116.8506393,40.0437355
434,1,116.8434982,40.0453568
435,1,116.8360519,40.0453796
436,1,116.8279877,40.0433502
437,1,116.819931,40.0415459
438,1,116.8133469,40.0390511
439,1,116.8079681,40.0365562
440,1,116.8028793,40.033371
441,1,116.798996,40.0317802
442,1,116.7930298,40.0308838
443,1,116.7861786,40.0302162
444,1,116.7793198,40.0297775
445,1,116.7742462,40.0295639
446,1,116.7694778,40.0298042
447,1,116.7614288,40.0293655
448,1,116.7590485,40.0284576
449,1,116.755455,40.0268669
450,1,116.753952,40.0250435
451,1,116.7527466,40.0227623
452,1,116.753624,40.0193329
453,1,116.7536163,40.0175056
454,1,116.7537537,40.0162621
455,1,116.7538986,40.0149841
456,1,116.7547836,40.0122414
457,1,116.7568512,40.0092621
458,1,116.7592163,40.0060616
459,1,116.7704773,40.0017967
460,1,116.7709579,39.9952316
461,1,116.767746,39.9871407
462,1,116.7619858,39.9760056
463,1,116.7572708,39.9681053
464,1,116.7596436,39.9617577
465,1,116.7682724,39.9553452
466,1,116.7756882,39.9491348
467,1,116.7773819,39.9377403
468,1,116.776268,39.9294739
469,1,116.7785416,39.9183197
470,1,116.7798538,39.9089699
471,1,116.7807465,39.902359
472,1,116.781395,39.8943672
473,1,116.787056,39.8874207
474,1,116.7923813,39.8830414
475,1,116.7957077,39.8803253
476,1,116.8043976,39.8787193
477,1,116.8162079,39.8806267
478,1,116.8264084,39.8786011
479,1,116.8323975,39.8707466
480,1,116.838089,39.8631096
481,1,116.842659,39.8604813
482,1,116.847229,39.858078
483,1,116.8502579,39.8567848
484,1,116.856308,39.8541946
485,1,116.8661575,39.853302
486,1,116.8749161,39.85009
487,1,116.8826294,39.8436508
488,1,116.8902969,39.8378944
489,1,116.9024277,39.839344
490,1,116.9042511,39.8453407
491,1,116.9067307,39.8499756
492,1,116.9113693,39.8455467
493,1,116.9145126,39.8372803
494,1,116.9176407,39.8283272
495,1,116.9213486,39.8184547
496,1,116.9265823,39.8108559
497,1,116.932724,39.8048515
498,1,116.9382782,39.7999954
499,1,116.9432297,39.7940025
500,1,116.9466476,39.7848167
501,1,116.9477692,39.7802315
502,1,116.9473877,39.7747383
503,1,116.9425583,39.7699776
504,1,116.9351501,39.7705002
505,1,116.9292679,39.7737579
506,1,116.9232788,39.770607
507,1,116.9181671,39.7667618
508,1,116.9127884,39.7642937
509,1,116.9032516,39.7609406
510,1,116.9008179,39.7568436
511,1,116.9051666,39.7506294
512,1,116.9077148,39.7428246
513,1,116.9013901,39.7360153
514,1,116.8960114,39.7333145
515,1,116.8897095,39.729248
516,1,116.8866577,39.7226372
517,1,116.8919983,39.7031403
518,1,116.8954697,39.6980743
519,1,116.9000549,39.6875076
520,1,116.900528,39.6797218
521,1,116.8874588,39.6775436
522,1,116.8794327,39.6762428
523,1,116.8693314,39.6749535
524,1,116.8618851,39.6722679
525,1,116.8484344,39.6639137
526,1,116.8433151,39.6584587
527,1,116.8375854,39.6511841
528,1,116.8336411,39.6454926
529,1,116.8323822,39.639782
530,1,116.832901,39.6349754
531,1,116.8330841,39.626503
532,1,116.8291702,39.6219597
533,1,116.8172379,39.616333
534,1,116.8062592,39.6133575
535,1,116.80056,39.6117706
536,1,116.7937622,39.6098824
537,1,116.7895508,39.6053391
538,1,116.7859421,39.6007843
539,1,116.7799606,39.5962524
540,1,116.7713852,39.5976906
541,1,116.7643585,39.6039276
542,1,116.759079,39.6076279
543,1,116.7517471,39.6129456
544,1,116.7458572,39.6157379
545,1,116.7396851,39.618988
546,1,116.7358932,39.6233635
547,1,116.7272568,39.6197662
548,1,116.7250671,39.6196213
549,1,116.7115479,39.6187325
550,1,116.7000046,39.619503
551,1,116.7011032,39.6124001
552,1,116.7066879,39.6089287
553,1,116.7119827,39.606144
554,1,116.7181625,39.6031227
555,1,116.723114,39.5969086
556,1,116.7174149,39.5907669
557,1,116.7099915,39.589447
558,1,116.7014465,39.5922585
559,1,116.6935043,39.5964317
560,1,116.6840973,39.6017609
561,1,116.6737595,39.6048088
562,1,116.6645966,39.6050987
563,1,116.6557236,39.6060715
564,1,116.6435852,39.6061516
565,1,116.6305695,39.6076088
566,1,116.6123123,39.6164246
567,1,116.6064682,39.6242447
568,1,116.6006165,39.6309204
569,1,116.5887527,39.6282463
570,1,116.5783386,39.6248741
571,1,116.5697174,39.6217194
572,1,116.5634613,39.6180954
573,1,116.5580902,39.6142387
574,1,116.5515366,39.6099243
575,1,116.5452652,39.6053848
576,1,116.5387268,39.603363
577,1,116.5259781,39.6006889
578,1,116.5185242,39.5963821
579,1,116.5163956,39.5909004
580,1,116.5154648,39.5863304
581,1,116.513031,39.5794754
582,1,116.5111923,39.5726204
583,1,116.4998093,39.5594025
584,1,116.4914856,39.5546417
585,1,116.4801636,39.5457764
586,1,116.4685593,39.5389671
587,1,116.4599533,39.5355797
588,1,116.4492798,39.5328865
589,1,116.4368057,39.528141
590,1,116.4249344,39.5231667
591,1,116.4133606,39.5174942
592,1,116.4047852,39.5182228
593,1,116.3985596,39.5157356
594,1,116.4005737,39.5093155
595,1,116.402298,39.5035858
596,1,116.4063873,39.4973831
597,1,116.4122467,39.49049
598,1,116.4237595,39.4881477
599,1,116.4358444,39.4853439
600,1,116.4425888,39.4789047
601,1,116.4442902,39.4699669
602,1,116.4459686,39.4589729
603,1,116.4491272,39.4437294
604,1,116.4471283,39.4438248
605,1,116.4387894,39.4441109
606,1,116.430748,39.4452477
607,1,116.4205933,39.4472351
608,1,116.4056778,39.4500084
609,1,116.3972855,39.4522781
610,1,116.383255,39.4550705
611,1,116.369957,39.4549026
612,1,116.3579102,39.4531708
613,1,116.3459396,39.4502983
614,1,116.3374786,39.4537086
615,1,116.3290939,39.4619255
616,1,116.3191986,39.4703255
617,1,116.3096008,39.4789658
618,1,116.2998505,39.4843979
619,1,116.2913589,39.4884872
620,1,116.2801895,39.4929581
621,1,116.2668686,39.4987297
622,1,116.2544708,39.5040741
623,1,116.2448807,39.5065269
624,1,116.24263,39.5098915
625,1,116.2406387,39.5139503
626,1,116.2393494,39.515976
627,1,116.2388916,39.5196953
628,1,116.2383499,39.5239601
629,1,116.2367554,39.5319214
630,1,116.2364807,39.543129
631,1,116.2360077,39.5520439
632,1,116.2324753,39.5574265
633,1,116.2192154,39.5675468
634,1,116.2165604,39.5729637
635,1,116.2166748,39.5759888
636,1,116.211998,39.5773201
637,1,116.1951447,39.5796585
638,1,116.1830139,39.5810623
639,1,116.1699982,39.5822411
640,1,116.1593323,39.5813522
641,1,116.1498566,39.5783997
642,1,116.1453934,39.574749
643,1,116.1406403,39.5706444
644,1,116.1358948,39.5667648
645,1,116.1243439,39.56633
646,1,116.1110306,39.5679626
647,1,116.1009903,39.5723343
648,1,116.0918198,39.5744133
649,1,116.085022,39.5751114
650,1,116.0731735,39.5742149
651,1,116.062233,39.5742378
652,1,116.0364761,39.575882
653,1,116.0240555,39.5786438
654,1,116.0157776,39.5793419
655,1,116.0054245,39.5811844
656,1,115.9909363,39.5880737
657,1,115.9826584,39.5926552
658,1,115.9743652,39.5899239
659,1,115.9731674,39.5825996
660,1,115.9698944,39.5739021
661,1,115.9583359,39.5688782
662,1,115.9476852,39.5725479
663,1,115.9382248,39.5789642
664,1,115.9335022,39.5858345
665,1,115.9308548,39.590416
666,1,115.9264145,39.5968246
667,1,115.9202042,39.5998039
668,1,115.9130936,39.5984344
669,1,115.905983,39.5915718
670,1,115.9071579,39.5840187
671,1,115.9083328,39.5762367
672,1,115.9047699,39.5702896
673,1,115.9018097,39.5654793
674,1,115.8899612,39.559536
675,1,115.8810883,39.5588493
676,1,115.8748703,39.5581627
677,1,115.8656998,39.5570221
678,1,115.8517914,39.5549622
679,1,115.8420181,39.5519867
680,1,115.8322601,39.5492401
681,1,115.8254471,39.5448875
682,1,115.8198395,39.5407677
683,1,115.8142166,39.534359
684,1,115.8091812,39.5277214
685,1,115.8074036,39.52314
686,1,115.8038559,39.5137558
687,1,115.7935104,39.5130653
688,1,115.7840576,39.5112305
689,1,115.7745895,39.5096207
690,1,115.7633514,39.5105286
691,1,115.7512207,39.5134964
692,1,115.7458878,39.5194397
693,1,115.74263,39.5247002
694,1,115.7405624,39.5301933
695,1,115.7384796,39.534996
696,1,115.736412,39.5407143
697,1,115.7310791,39.5464287
698,1,115.7260437,39.5530624
699,1,115.7147903,39.5594635
700,1,115.7088699,39.5603714
701,1,115.6982193,39.5587578
702,1,115.692009,39.5603485
703,1,115.6866684,39.5635452
704,1,115.6834106,39.568119
705,1,115.6819077,39.5758972
706,1,115.6813126,39.5855064
707,1,115.6812973,39.5903168
708,1,115.6792068,39.5964928
709,1,115.674469,39.6024399
710,1,115.6655807,39.6028786
711,1,115.6593704,39.6035576
712,1,115.6504745,39.604229
713,1,115.6409988,39.6051292
714,1,115.6099243,39.6023216
715,1,115.5986786,39.6002388
716,1,115.5912704,39.5986214
717,1,115.5696716,39.5974274
718,1,115.5622635,39.5990105
719,1,115.5545425,39.6035728
720,1,115.5506821,39.6076813
721,1,115.5447311,39.6147614
722,1,115.5385132,39.61726
723,1,115.5222015,39.6217957
724,1,115.5153809,39.6245232
725,1,115.5112076,39.6306915
726,1,115.5129623,39.6368752
727,1,115.5082016,39.6407509
728,1,115.5019836,39.64188
729,1,115.496048,39.643692
730,1,115.489212,39.6475601
731,1,115.4770279,39.655304
732,1,115.4683609,39.6719856
733,1,115.4715958,39.6770325
734,1,115.4754333,39.6825333
735,1,115.479538,39.6905594
736,1,115.4836197,39.7052155
737,1,115.4841919,39.7111664
738,1,115.4853439,39.7191849
739,1,115.4882736,39.7269745
740,1,115.4855347,39.7420692
741,1,115.4816437,39.7491493
742,1,115.4718399,39.7509499
743,1,115.464119,39.7518425
744,1,115.455513,39.7529564
745,1,115.4495773,39.753624
746,1,115.4394913,39.7549629
747,1,115.4323425,39.7579117
748,1,115.4266815,39.7620087
749,1,115.4222107,39.7663422
750,1,115.4192047,39.7713699
751,1,115.4185944,39.7761726
752,1,115.4274826,39.780323
753,1,115.4339905,39.7837791
754,1,115.4428787,39.787014
755,1,115.4538422,39.7918549
756,1,115.4668732,39.7967033
757,1,115.4787292,39.8008614
758,1,115.4912109,39.7976952
759,1,115.4986496,39.7933693
760,1,115.5096436,39.7936287
761,1,115.5229874,39.7966423
762,1,115.5327759,39.7982712
763,1,115.5401917,39.7992058
764,1,115.5461273,39.8010521
765,1,115.5535355,39.8045006
766,1,115.5588684,39.8070297
767,1,115.5633087,39.8109322
768,1,115.5638962,39.8141556
769,1,115.5643463,39.8166199
770,1,115.5617905,39.8207664
771,1,115.552269,39.825779
772,1,115.5421524,39.8289604
773,1,115.5341339,39.8314514
774,1,115.5261078,39.8337173
775,1,115.5138779,39.8451309
776,1,115.5111618,39.8533592
777,1,115.5114441,39.8586235
778,1,115.5138016,39.8627472
779,1,115.5170517,39.8671036
780,1,115.521492,39.8723793
781,1,115.5241394,39.8790207
782,1,115.5181732,39.8835869
783,1,115.511322,39.8869972
784,1,115.5095215,39.8917923
785,1,115.510994,39.8963776
786,1,115.5142288,39.9041672
787,1,115.5124283,39.9089661
788,1,115.5094223,39.913765
789,1,115.5049515,39.9178696
790,1,115.4983826,39.923111
791,1,115.4870529,39.9299431
792,1,115.478714,39.9333534
793,1,115.4703522,39.9390411
794,1,115.4629059,39.9431419
795,1,115.4488831,39.9506454
796,1,115.4381638,39.9522095
797,1,115.4283447,39.9526329
798,1,115.4176178,39.9546547
799,1,115.4149094,39.959446
800,1,115.4166718,39.9660912
801,1,115.4202042,39.9729652
802,1,115.4258118,39.9807701
803,1,115.4332123,39.9890327
804,1,115.4379425,39.9940834
805,1,115.4416962,40.001812
806,1,115.438942,40.0072136
807,1,115.4394913,40.0101891
808,1,115.4391327,40.0142975
809,1,115.4390717,40.0184097
810,1,115.4393234,40.0223007
811,1,115.4404602,40.0257378
812,1,115.441925,40.0280418
813,1,115.4436874,40.0296516
814,1,115.4466324,40.0315056
815,1,115.4498978,40.0329094
816,1,115.456398,40.0370865
817,1,115.4634857,40.0414963
818,1,115.4717636,40.0459099
819,1,115.4782791,40.0500832
820,1,115.4835892,40.0540161
821,1,115.4874191,40.0577087
822,1,115.4927139,40.0620995
823,1,115.4983215,40.0667152
824,1,115.5057144,40.071125
825,1,115.5115967,40.0766335
826,1,115.5157471,40.0787544
827,1,115.51931,40.0808411
828,1,115.5237503,40.0827103
829,1,115.5285034,40.0848083
830,1,115.532959,40.0859871
831,1,115.536499,40.0892181
832,1,115.5435791,40.0952187
833,1,115.5465393,40.0970726
834,1,115.5509796,40.0996246
835,1,115.5548401,40.1010246
836,1,115.562912,40.0999565
837,1,115.5671005,40.0983887
838,1,115.5737,40.0963821
839,1,115.5787735,40.0959663
840,1,115.5838547,40.0953217
841,1,115.5874252,40.0962677
842,1,115.5906906,40.0978966
843,1,115.5933304,40.1011124
844,1,115.5938873,40.1054611
845,1,115.5944138,40.1102676
846,1,115.5961609,40.1139374
847,1,115.5990906,40.1176186
848,1,115.6041412,40.1197166
849,1,115.6074219,40.1206551
850,1,115.6128082,40.1193237
851,1,115.620575,40.1187019
852,1,115.6280441,40.1180725
853,1,115.6360855,40.1197319
854,1,115.6426239,40.1218414
855,1,115.6497498,40.1257782
856,1,115.6580582,40.1301842
857,1,115.6648788,40.1334343
858,1,115.668457,40.1346016
859,1,115.6744003,40.1371574
860,1,115.6803589,40.137661
861,1,115.6839371,40.137455
862,1,115.6896286,40.1361275
863,1,115.6965179,40.1348038
864,1,115.7031021,40.1327934
865,1,115.7108688,40.1317062
866,1,115.7162476,40.1315117
867,1,115.7249146,40.131115
868,1,115.7323608,40.1325378
869,1,115.7403946,40.1355591
870,1,115.7457428,40.1381111
871,1,115.7510757,40.1424904
872,1,115.7549133,40.1464005
873,1,115.7563858,40.1493797
874,1,115.7551498,40.1525688
875,1,115.7530365,40.155983
876,1,115.7521057,40.1594086
877,1,115.7520599,40.1632919
878,1,115.7541046,40.1676483
879,1,115.7603455,40.1713448
880,1,115.768364,40.1755104
881,1,115.7722244,40.1782761
882,1,115.7772827,40.1803703
883,1,115.779686,40.1799278
884,1,115.7820969,40.1776543
885,1,115.7833023,40.175148
886,1,115.784523,40.1726418
887,1,115.7854462,40.1708183
888,1,115.7860565,40.1685371
889,1,115.7869949,40.1644287
890,1,115.7882233,40.160553
891,1,115.7906342,40.1578255
892,1,115.7933426,40.1560135
893,1,115.7978363,40.1546707
894,1,115.803215,40.1535606
895,1,115.808609,40.1524506
896,1,115.8119049,40.1504135
897,1,115.8170242,40.1463318
898,1,115.8236237,40.1420288
899,1,115.8275146,40.1409035
900,1,115.8361664,40.1416435
901,1,115.8403397,40.1437225
902,1,115.8444977,40.1458015
903,1,115.845665,40.1483269
904,1,115.8480301,40.1517677
905,1,115.8459091,40.1554146
906,1,115.844986,40.1583786
907,1,115.8446579,40.1620331
908,1,115.8437347,40.1659126
909,1,115.8404007,40.1713791
910,1,115.8388596,40.1763992
911,1,115.8394318,40.1798286
912,1,115.8417969,40.1823578
913,1,115.8462524,40.1858101
914,1,115.8489227,40.1878815
915,1,115.8566589,40.1911278
916,1,115.8629074,40.1943626
917,1,115.8700638,40.1969185
918,1,115.8736343,40.1994514
919,1,115.8762741,40.2042656
920,1,115.8753433,40.2088318
921,1,115.8738022,40.2145348
922,1,115.8743744,40.2186546
923,1,115.8761444,40.2216339
924,1,115.8794098,40.223938
925,1,115.8835831,40.2262459
926,1,115.8874435,40.2287788
927,1,115.8934021,40.2306404
928,1,115.8999405,40.2356987
929,1,115.9040833,40.2418938
930,1,115.9079437,40.2460289
931,1,115.9127045,40.2490234
932,1,115.9171677,40.2520142
933,1,115.9207458,40.2534065
934,1,115.9276123,40.2538948
935,1,115.9347916,40.253933
936,1,115.9401855,40.2535019
937,1,115.9449539,40.2544403
938,1,115.9491348,40.2569733
939,1,115.9515152,40.2590408
940,1,115.9529953,40.2608795
941,1,115.9562683,40.2636375
942,1,115.9526367,40.2697906
943,1,115.9504776,40.278923
944,1,115.9477386,40.2855377
945,1,115.9455948,40.2921562
946,1,115.9425735,40.2964821
947,1,115.9395523,40.2998962
948,1,115.9353333,40.3044472
949,1,115.9299164,40.3089905
950,1,115.9256973,40.3130875
951,1,115.9232635,40.3178711
952,1,115.9205322,40.3224297
953,1,115.9207993,40.3276901
954,1,115.9198532,40.3333969
955,1,115.9192123,40.3384247
956,1,115.9161758,40.3457222
957,1,115.911644,40.3498116
958,1,115.9071045,40.3564186
959,1,115.9013824,40.3607292
960,1,115.8962784,40.3618469
961,1,115.8903122,40.3579292
962,1,115.8870239,40.3567696
963,1,115.8822403,40.3565178
964,1,115.8762436,40.3569412
965,1,115.8720322,40.3585167
966,1,115.8675308,40.3600922
967,1,115.8633041,40.3646431
968,1,115.8590698,40.3689613
969,1,115.8545303,40.3737373
970,1,115.8488159,40.3775902
971,1,115.8430939,40.3802986
972,1,115.8382721,40.3834724
973,1,115.8328629,40.385952
974,1,115.8286438,40.388443
975,1,115.8241119,40.3920746
976,1,115.8201675,40.3973045
977,1,115.815918,40.4029999
978,1,115.8140717,40.408474
979,1,115.8113327,40.4134865
980,1,115.8085938,40.4178085
981,1,115.8052673,40.42099
982,1,115.8007278,40.4248505
983,1,115.7916794,40.4305077
984,1,115.7850418,40.4352646
985,1,115.7762985,40.4400101
986,1,115.7708664,40.4427185
987,1,115.7672424,40.4463501
988,1,115.76297,40.4534073
989,1,115.7617264,40.4575195
990,1,115.7631683,40.4634705
991,1,115.765213,40.4696541
992,1,115.7675476,40.4760704
993,1,115.7707825,40.4834061
994,1,115.7713318,40.4886627
995,1,115.7715912,40.4925537
996,1,115.767952,40.4959564
997,1,115.7595215,40.4991074
998,1,115.7544098,40.4992981
999,1,115.7487183,40.4983482
1000,1,115.7409363,40.4964714
1001,1,115.7367401,40.4957542
1002,1,115.7331161,40.4973335
1003,1,115.7318954,40.4989243
1004,1,115.7309799,40.5009727
1005,1,115.7303543,40.5037117
1006,1,115.7315063,40.5078354
1007,1,115.7338562,40.5128784
1008,1,115.7370987,40.5193024
1009,1,115.7382584,40.5234222
1010,1,115.7426758,40.5312233
1011,1,115.7459412,40.5353584
1012,1,115.7533722,40.5431786
1013,1,115.761734,40.5487213
1014,1,115.7667999,40.5530968
1015,1,115.7721634,40.5570183
1016,1,115.7757645,40.5588684
1017,1,115.7796631,40.5595741
1018,1,115.784462,40.5605202
1019,1,115.7892685,40.5594101
1020,1,115.7931747,40.5601196
1021,1,115.7991638,40.5622139
1022,1,115.8033524,40.5638351
1023,1,115.8081436,40.5659256
1024,1,115.8123245,40.5693817
1025,1,115.8144073,40.5712204
1026,1,115.8161926,40.5730591
1027,1,115.8179626,40.5769577
1028,1,115.8176346,40.5801544
1029,1,115.8170013,40.5831223
1030,1,115.8175888,40.58564
1031,1,115.8184662,40.5881577
1032,1,115.8211441,40.590004
1033,1,115.8247528,40.5913963
1034,1,115.8280487,40.5925598
1035,1,115.8325424,40.5930405
1036,1,115.8379593,40.5937576
1037,1,115.8439636,40.5933342
1038,1,115.849678,40.5935936
1039,1,115.8559952,40.5938606
1040,1,115.8619995,40.5943527
1041,1,115.8674088,40.5950661
1042,1,115.8719101,40.5960045
1043,1,115.8749008,40.5976219
1044,1,115.8784866,40.6006126
1045,1,115.8802643,40.6033669
1046,1,115.8811569,40.6051979
1047,1,115.8844376,40.6086464
1048,1,115.8871307,40.6104851
1049,1,115.8949203,40.6141853
1050,1,115.9009094,40.6169586
1051,1,115.9057083,40.6188126
1052,1,115.9102097,40.6195221
1053,1,115.9141312,40.6193123
1054,1,115.9180374,40.6186485
1055,1,115.9231644,40.6173019
1056,1,115.9276886,40.6150398
1057,1,115.9352417,40.6105042
1058,1,115.9397736,40.6077843
1059,1,115.948822,40.6041718
1060,1,115.9527435,40.6023598
1061,1,115.9572601,40.6000977
1062,1,115.9620895,40.59692
1063,1,115.9666214,40.5946541
1064,1,115.9678497,40.5910034
1065,1,115.9681702,40.5889473
1066,1,115.9687805,40.5866623
1067,1,115.9715118,40.5830154
1068,1,115.976326,40.5818939
1069,1,115.9808426,40.5812302
1070,1,115.9865417,40.5819397
1071,1,115.9904404,40.5828705
1072,1,115.9934464,40.584713
1073,1,115.9967346,40.5872421
1074,1,116.0000229,40.5897713
1075,1,116.0033188,40.5923042
1076,1,116.0063171,40.5936852
1077,1,116.0093155,40.5950737
1078,1,116.0138092,40.5964622
1079,1,116.0204163,40.5987778
1080,1,116.0282288,40.6001778
1081,1,116.0369263,40.6027222
1082,1,116.0429382,40.6045761
1083,1,116.0471344,40.6059685
1084,1,116.0522385,40.6078148
1085,1,116.0597458,40.608757
1086,1,116.0669556,40.610157
1087,1,116.0717697,40.6108551
1088,1,116.0822906,40.6118126
1089,1,116.0912933,40.6155014
1090,1,116.0985031,40.6166687
1091,1,116.1051025,40.620121
1092,1,116.1083984,40.6224174
1093,1,116.1099014,40.6242485
1094,1,116.1104889,40.6267662
1095,1,116.1104813,40.6285973
1096,1,116.1098709,40.6306534
1097,1,116.1083527,40.6329308
1098,1,116.1071396,40.6363564
1099,1,116.1082993,40.6429863
1100,1,116.1088791,40.6484756
1101,1,116.1103745,40.6525955
1102,1,116.1133652,40.6578598
1103,1,116.1169586,40.6606178
1104,1,116.1202621,40.6624565
1105,1,116.1253662,40.6638412
1106,1,116.1289825,40.6631699
1107,1,116.1347046,40.6615868
1108,1,116.1407242,40.6618347
1109,1,116.147934,40.6643715
1110,1,116.1554565,40.6680489
1111,1,116.1572418,40.671257
1112,1,116.1578369,40.6735458
1113,1,116.1584244,40.6769753
1114,1,116.1593018,40.6829185
1115,1,116.1574783,40.6893158
1116,1,116.1562347,40.6977692
1117,1,116.1583252,40.7021179
1118,1,116.1643372,40.7083054
1119,1,116.1709366,40.7117538
1120,1,116.1763535,40.714283
1121,1,116.1820755,40.7165833
1122,1,116.1907959,40.7195778
1123,1,116.1995163,40.7223434
1124,1,116.2037354,40.7257843
1125,1,116.206131,40.7287598
1126,1,116.2070313,40.7315063
1127,1,116.2082291,40.7337952
1128,1,116.2100067,40.7397461
1129,1,116.2130127,40.7466087
1130,1,116.2166138,40.7516479
1131,1,116.2196121,40.7557678
1132,1,116.2217102,40.7598877
1133,1,116.2223129,40.7628593
1134,1,116.2235031,40.7667503
1135,1,116.2249985,40.7701797
1136,1,116.2264938,40.7726974
1137,1,116.2264938,40.7756691
1138,1,116.2267838,40.7795563
1139,1,116.2270737,40.7829895
1140,1,116.2288742,40.7861938
1141,1,116.2333908,40.7887154
1142,1,116.2388153,40.7900963
1143,1,116.2421341,40.7898788
1144,1,116.2457504,40.7891998
1145,1,116.2496719,40.7869225
1146,1,116.2542038,40.7839584
1147,1,116.2608566,40.7787132
1148,1,116.2665939,40.7743835
1149,1,116.270813,40.770504
1150,1,116.2750397,40.7657127
1151,1,116.2807846,40.7600098
1152,1,116.2850037,40.7584152
1153,1,116.2895355,40.75774
1154,1,116.2949524,40.7593498
1155,1,116.2976532,40.7630081
1156,1,116.3027725,40.7659912
1157,1,116.306694,40.7691994
1158,1,116.3087921,40.7712555
1159,1,116.3136139,40.7740059
1160,1,116.3193436,40.7751579
1161,1,116.3247757,40.7756233
1162,1,116.3320084,40.7742615
1163,1,116.3410568,40.7733612
1164,1,116.352211,40.7717743
1165,1,116.3600464,40.7710953
1166,1,116.3703003,40.7722511
1167,1,116.3757172,40.7738571
1168,1,116.3799362,40.7763748
1169,1,116.3880768,40.7798119
1170,1,116.3941116,40.783474
1171,1,116.4010391,40.7864494
1172,1,116.4058685,40.786911
1173,1,116.4088821,40.7862282
1174,1,116.4115906,40.7843971
1175,1,116.4119034,40.7825699
1176,1,116.4115906,40.7795982
1177,1,116.4113007,40.7741127
1178,1,116.4128036,40.7709122
1179,1,116.4143143,40.7690887
1180,1,116.4176178,40.7672615
1181,1,116.4233475,40.7654305
1182,1,116.4308929,40.7649765
1183,1,116.4381256,40.7661247
1184,1,116.4441528,40.7672691
1185,1,116.4507828,40.7695618
1186,1,116.4541016,40.7716179
1187,1,116.4553146,40.7755051
1188,1,116.4580307,40.7784767
1189,1,116.4586334,40.7803078
1190,1,116.4592361,40.782135
1191,1,116.458931,40.78442
1192,1,116.458931,40.7869339
1193,1,116.4571304,40.7896767
1194,1,116.4556198,40.7919617
1195,1,116.4520111,40.7953873
1196,1,116.4462814,40.7995033
1197,1,116.4381409,40.8088684
1198,1,116.4306107,40.8157234
1199,1,116.4236755,40.8196106
1200,1,116.4143219,40.8244057
1201,1,116.4067688,40.8298874
1202,1,116.399231,40.8353653
1203,1,116.3935013,40.8413048
1204,1,116.3853531,40.8511238
1205,1,116.3790131,40.8582039
1206,1,116.3735733,40.8646011
1207,1,116.3678284,40.8703117
1208,1,116.3593674,40.8762436
1209,1,116.3539429,40.8792114
1210,1,116.3442612,40.8888016
1211,1,116.337616,40.8935928
1212,1,116.3321762,40.8965569
1213,1,116.3279419,40.9020348
1214,1,116.3255157,40.906147
1215,1,116.3246078,40.9109497
1216,1,116.3258057,40.9164352
1217,1,116.3276062,40.9246674
1218,1,116.3315277,40.93153
1219,1,116.3360596,40.9370232
1220,1,116.3421021,40.9397736
1221,1,116.3499603,40.9404678
1222,1,116.3551025,40.9413872
1223,1,116.3587189,40.9416237
1224,1,116.3623505,40.9413986
1225,1,116.3659821,40.940258
1226,1,116.3699112,40.9382057
1227,1,116.3723221,40.9345474
1228,1,116.3747406,40.9306679
1229,1,116.376564,40.9267845
1230,1,116.3783722,40.9226685
1231,1,116.3795929,40.9190102
1232,1,116.3832092,40.9139824
1233,1,116.3850327,40.909874
1234,1,116.3871384,40.9078178
1235,1,116.3934937,40.90485
1236,1,116.4031525,40.9025726
1237,1,116.4101028,40.9018898
1238,1,116.4143219,40.9014359
1239,1,116.4173508,40.9016685
1240,1,116.4221878,40.9023552
1241,1,116.4273224,40.9019012
1242,1,116.4321518,40.9014473
1243,1,116.4381943,40.9005356
1244,1,116.4424286,40.8984795
1245,1,116.4499664,40.894825
1246,1,116.4557037,40.8941422
1247,1,116.4605484,40.894371
1248,1,116.4653778,40.8957405
1249,1,116.4696045,40.9000893
1250,1,116.47052,40.9030571
1251,1,116.4705276,40.9071732
1252,1,116.4699173,40.911972
1253,1,116.4684143,40.9167709
1254,1,116.4641876,40.9213409
1255,1,116.4608688,40.9268303
1256,1,116.4566498,40.9332314
1257,1,116.4506073,40.9405441
1258,1,116.4472885,40.9446564
1259,1,116.4448776,40.9508286
1260,1,116.4436646,40.9570007
1261,1,116.441246,40.9643135
1262,1,116.4415588,40.9713974
1263,1,116.445488,40.9773445
1264,1,116.4521484,40.9807739
1265,1,116.4597092,40.9807777
1266,1,116.4654617,40.9805489
1267,1,116.4705887,40.979866
1268,1,116.4796677,40.978035
1269,1,116.4875259,40.977581
1270,1,116.4953918,40.9782639
1271,1,116.504158,40.9805489
1272,1,116.5123291,40.9830627
1273,1,116.518692,40.9858017
1274,1,116.5244446,40.9883156
1275,1,116.5314026,40.990139
1276,1,116.5392685,40.9899063
1277,1,116.5468292,40.9896774
1278,1,116.5552902,40.9876137
1279,1,116.5616455,40.9846382
1280,1,116.5667725,40.9823494
1281,1,116.571907,40.9802856
1282,1,116.5764465,40.9775429
1283,1,116.5818863,40.9773064
1284,1,116.5852051,40.978447
1285,1,116.5882339,40.9795876
1286,1,116.5906677,40.9807281
1287,1,116.5942917,40.983242
1288,1,116.5982437,40.9896355
1289,1,116.6025162,40.9980888
1290,1,116.6067657,41.0063133
1291,1,116.6092072,41.0122604
1292,1,116.6110458,41.0172844
1293,1,116.6116562,41.0213966
1294,1,116.6101532,41.0259705
1295,1,116.6071472,41.0305481
1296,1,116.6044388,41.034893
1297,1,116.6020355,41.0410652
1298,1,116.6020508,41.0451813
1299,1,116.6078262,41.0531731
1300,1,116.6148071,41.0581932
1301,1,116.6217804,41.0604744
1302,1,116.6305618,41.0611496
1303,1,116.6372223,41.0602264
1304,1,116.642662,41.0577011
1305,1,116.6502075,41.0547218
1306,1,116.6583786,41.0508232
1307,1,116.6674423,41.0469208
1308,1,116.6725769,41.0457726
1309,1,116.6783218,41.0427895
1310,1,116.6828537,41.0391235
1311,1,116.6882782,41.034317
1312,1,116.6906738,41.0292816
1313,1,116.6885376,41.0244865
1314,1,116.686409,41.0219727
1315,1,116.685791,41.019001
1316,1,116.6848831,41.0169449
1317,1,116.6845474,41.0132904
1318,1,116.6790695,41.0041542
1319,1,116.6738968,40.9975357
1320,1,116.6720734,40.9936523
1321,1,116.6696167,40.9881706
1322,1,116.6686859,40.9822311
1323,1,116.6680756,40.9785728
1324,1,116.6698608,40.9724007
